{"cameraMode":{"drawMode":0,"name":"Shaded","section":"Shading Mode"},"sceneLighting":false,"audioPlay":false,"sceneViewState":{"showFog":true,"showMaterialUpdate":false,"showSkybox":false,"showFlares":true,"showImageEffects":true,"showParticleSystems":true},"in2DMode":false,"pivot":{"x":-0.8923628330230713,"y":1.0232431888580323,"z":-45.01725769042969},"rotation":{"x":-0.004274284932762384,"y":0.9643672108650208,"z":-0.2641052007675171,"w":-0.015623305924236775},"size":0.35663697123527529,"orthographic":false}