{"cameraMode":{"drawMode":0,"name":"Shaded","section":"Shading Mode"},"sceneLighting":false,"audioPlay":false,"sceneViewState":{"showFog":true,"showMaterialUpdate":false,"showSkybox":false,"showFlares":true,"showImageEffects":true,"showParticleSystems":true},"in2DMode":false,"pivot":{"x":0.4314156770706177,"y":0.7703195810317993,"z":-0.21118688583374024},"rotation":{"x":-0.0100155184045434,"y":0.9343630075454712,"z":-0.35523155331611636,"w":-0.026355575770139695},"size":1.0052632093429566,"orthographic":false}